Image;count
image_000.jpg;3
image_001.jpg;3
image_002.jpg;3
image_003.jpg;3
image_004.jpg;3
image_005.jpg;3
image_006.jpg;3
image_007.jpg;3
image_008.jpg;3
image_009.jpg;3
image_010.jpg;3
image_011.jpg;3
image_012.jpg;3
image_013.jpg;3
image_014.jpg;2
image_015.jpg;2
image_016.jpg;1
image_017.jpg;1
image_018.jpg;1
image_019.jpg;1
image_020.jpg;1
image_021.jpg;1
image_022.jpg;1
image_023.jpg;1
image_024.jpg;1
image_025.jpg;1
image_026.jpg;1
image_027.jpg;1
image_028.jpg;1
image_029.jpg;1
image_030.jpg;1
image_031.jpg;1
image_032.jpg;1
image_033.jpg;1
image_034.jpg;1
image_035.jpg;2
image_036.jpg;2
image_037.jpg;1
image_038.jpg;1
image_039.jpg;1
image_040.jpg;1
image_041.jpg;1
image_042.jpg;1
image_043.jpg;1
image_044.jpg;1
image_045.jpg;1
image_046.jpg;1
image_047.jpg;1
image_048.jpg;1
image_049.jpg;1
image_050.jpg;1
image_051.jpg;1
image_052.jpg;2
image_053.jpg;2
image_054.jpg;2
image_055.jpg;2
image_056.jpg;2
image_057.jpg;2
image_058.jpg;1
image_059.jpg;1
image_060.jpg;1
image_061.jpg;1
image_062.jpg;1
image_063.jpg;1
image_064.jpg;1
image_065.jpg;1
image_066.jpg;1
image_067.jpg;1
image_068.jpg;1
image_069.jpg;0
image_070.jpg;0
image_071.jpg;1
image_072.jpg;0
image_073.jpg;1
image_074.jpg;1
image_075.jpg;1
image_076.jpg;1
image_077.jpg;1
image_078.jpg;1
image_079.jpg;0
image_080.jpg;0
image_081.jpg;0
image_082.jpg;0
image_083.jpg;0
image_084.jpg;0
image_085.jpg;0
image_086.jpg;0
image_087.jpg;0
image_088.jpg;0
image_089.jpg;0
image_090.jpg;0
image_091.jpg;0
image_092.jpg;0
image_093.jpg;0
image_094.jpg;0
image_095.jpg;0
image_096.jpg;0
image_097.jpg;0
image_098.jpg;0
image_099.jpg;0
